{"cameraMode":{"drawMode":0,"name":"Shaded","section":"Shading Mode"},"sceneLighting":false,"audioPlay":false,"sceneViewState":{"m_AlwaysRefresh":false,"showFog":true,"showSkybox":false,"showFlares":true,"showImageEffects":true,"showParticleSystems":true,"showVisualEffectGraphs":true,"m_FxEnabled":true},"in2DMode":false,"pivot":{"x":-0.35524994134902956,"y":1.4916408061981202,"z":0.3249736726284027},"rotation":{"x":0.24432097375392915,"y":0.718932032585144,"z":-0.5743955969810486,"w":0.30580005049705508},"size":1.2894166707992554,"orthographic":false}