{"cameraMode":{"drawMode":0,"name":"Shaded","section":"Shading Mode"},"sceneLighting":true,"audioPlay":false,"sceneViewState":{"m_AlwaysRefresh":false,"showFog":true,"showSkybox":true,"showFlares":true,"showImageEffects":true,"showParticleSystems":true,"showVisualEffectGraphs":true,"m_FxEnabled":true},"in2DMode":false,"pivot":{"x":12.958364486694336,"y":-7.953160285949707,"z":13.751300811767579},"rotation":{"x":0.16364537179470063,"y":0.3774549663066864,"z":-0.06795726716518402,"w":0.9089034199714661},"size":14.926504135131836,"orthographic":false}