{"cameraMode":{"drawMode":0,"name":"Shaded","section":"Shading Mode"},"sceneLighting":true,"audioPlay":false,"sceneViewState":{"m_AlwaysRefresh":false,"showFog":true,"showSkybox":true,"showFlares":true,"showImageEffects":true,"showParticleSystems":true,"showVisualEffectGraphs":true,"m_FxEnabled":true},"in2DMode":false,"pivot":{"x":0.15266622602939607,"y":0.8299890160560608,"z":0.16896483302116395},"rotation":{"x":0.06730882823467255,"y":0.10038691759109497,"z":-0.006809520535171032,"w":0.992643415927887},"size":1.2325546741485596,"orthographic":false}