{"cameraMode":{"drawMode":0,"name":"Shaded","section":"Shading Mode"},"sceneLighting":true,"audioPlay":false,"sceneViewState":{"m_AlwaysRefresh":false,"showFog":true,"showSkybox":true,"showFlares":true,"showImageEffects":true,"showParticleSystems":true,"showVisualEffectGraphs":true,"m_FxEnabled":true},"in2DMode":false,"pivot":{"x":-0.071266770362854,"y":1.0767922401428223,"z":-0.1146131157875061},"rotation":{"x":0.14922091364860536,"y":0.4145844578742981,"z":-0.06911979615688324,"w":0.8950144052505493},"size":1.1027177572250367,"orthographic":false}