{"cameraMode":{"drawMode":0,"name":"Shaded","section":"Shading Mode"},"sceneLighting":false,"audioPlay":false,"sceneViewState":{"m_AlwaysRefresh":false,"showFog":true,"showSkybox":false,"showFlares":true,"showImageEffects":true,"showParticleSystems":true,"showVisualEffectGraphs":true,"m_FxEnabled":true},"in2DMode":false,"pivot":{"x":-5.587935447692871e-9,"y":0.029644984751939775,"z":-1.399999976158142},"rotation":{"x":0.15995746850967408,"y":-0.7979699969291687,"z":0.2415216565132141,"w":0.5285033583641052},"size":0.0427200049161911,"orthographic":false}