{"cameraMode":{"drawMode":0,"name":"Shaded","section":"Shading Mode"},"sceneLighting":false,"audioPlay":false,"sceneViewState":{"m_AlwaysRefresh":false,"showFog":true,"showSkybox":false,"showFlares":true,"showImageEffects":true,"showParticleSystems":true,"showVisualEffectGraphs":true,"m_FxEnabled":true},"in2DMode":false,"pivot":{"x":-0.013601511716842652,"y":1.8214800357818604,"z":0.10565562546253205},"rotation":{"x":-0.04931569844484329,"y":0.9389175176620483,"z":-0.151889830827713,"w":-0.30484816431999209},"size":0.1223820149898529,"orthographic":false}