{"cameraMode":{"drawMode":0,"name":"Shaded","section":"Shading Mode"},"sceneLighting":false,"audioPlay":false,"sceneViewState":{"m_AlwaysRefresh":false,"showFog":true,"showSkybox":false,"showFlares":true,"showImageEffects":true,"showParticleSystems":true,"showVisualEffectGraphs":true,"m_FxEnabled":true},"in2DMode":false,"pivot":{"x":13.550000190734864,"y":-1.128000020980835,"z":1.3600000143051148},"rotation":{"x":0.014190996997058392,"y":0.971233069896698,"z":-0.23003311455249787,"w":0.05991624668240547},"size":0.45002248883247378,"orthographic":false}