{"cameraMode":{"drawMode":0,"name":"Shaded","section":"Shading Mode"},"sceneLighting":false,"audioPlay":false,"sceneViewState":{"m_AlwaysRefresh":false,"showFog":true,"showSkybox":false,"showFlares":true,"showImageEffects":true,"showParticleSystems":true,"showVisualEffectGraphs":true,"m_FxEnabled":true},"in2DMode":false,"pivot":{"x":1.5104901790618897,"y":0.06820285320281983,"z":10.685300827026368},"rotation":{"x":0.0208729300647974,"y":0.9641627669334412,"z":-0.07981999963521958,"w":0.2521239221096039},"size":2.721280097961426,"orthographic":false}