{"cameraMode":{"drawMode":0,"name":"Shaded","section":"Shading Mode"},"sceneLighting":false,"audioPlay":false,"sceneViewState":{"m_AlwaysRefresh":false,"showFog":true,"showSkybox":false,"showFlares":true,"showImageEffects":true,"showParticleSystems":true,"showVisualEffectGraphs":true,"m_FxEnabled":true},"in2DMode":false,"pivot":{"x":0.09041929244995117,"y":0.43918442726135256,"z":-0.0009708404541015625},"rotation":{"x":-0.058871716260910037,"y":0.9358566999435425,"z":-0.2915264368057251,"w":-0.18898700177669526},"size":12.135639190673829,"orthographic":false}