{"cameraMode":{"drawMode":0,"name":"Shaded","section":"Shading Mode"},"sceneLighting":false,"audioPlay":false,"sceneViewState":{"m_AlwaysRefresh":false,"showFog":true,"showSkybox":false,"showFlares":true,"showImageEffects":true,"showParticleSystems":true,"showVisualEffectGraphs":true,"m_FxEnabled":true},"in2DMode":false,"pivot":{"x":-1.9975804090499879,"y":-0.20736849308013917,"z":1.1776055097579957},"rotation":{"x":0.010424310341477394,"y":0.9183751344680786,"z":-0.024246860295534135,"w":0.39483025670051577},"size":0.9838094115257263,"orthographic":false}