{"cameraMode":{"drawMode":0,"name":"Shaded","section":"Shading Mode"},"sceneLighting":false,"audioPlay":false,"sceneViewState":{"m_AlwaysRefresh":false,"showFog":true,"showSkybox":false,"showFlares":true,"showImageEffects":true,"showParticleSystems":true,"showVisualEffectGraphs":true,"m_FxEnabled":true},"in2DMode":false,"pivot":{"x":-0.05694842338562012,"y":0.9210517406463623,"z":-9.184022903442383},"rotation":{"x":0.1748071312904358,"y":-0.20026007294654847,"z":0.036339860409498218,"w":0.963335394859314},"size":1.5847456455230713,"orthographic":false}