{"cameraMode":{"drawMode":0,"name":"Shaded","section":"Shading Mode"},"sceneLighting":false,"audioPlay":false,"sceneViewState":{"m_AlwaysRefresh":false,"showFog":true,"showSkybox":false,"showFlares":true,"showImageEffects":true,"showParticleSystems":true,"showVisualEffectGraphs":true,"m_FxEnabled":true},"in2DMode":false,"pivot":{"x":455.1146240234375,"y":182.05397033691407,"z":-37.574676513671878},"rotation":{"x":0.006197252310812473,"y":0.04676992818713188,"z":-0.00029266669298522174,"w":0.9988788962364197},"size":444.0205993652344,"orthographic":false}