{"cameraMode":{"drawMode":0,"name":"Shaded","section":"Shading Mode"},"sceneLighting":false,"audioPlay":false,"sceneViewState":{"m_AlwaysRefresh":false,"showFog":true,"showSkybox":false,"showFlares":true,"showImageEffects":true,"showParticleSystems":true,"showVisualEffectGraphs":true,"m_FxEnabled":true},"in2DMode":false,"pivot":{"x":26.66036605834961,"y":0.338681161403656,"z":-16.815427780151368},"rotation":{"x":0.025295021012425424,"y":0.6023180484771729,"z":-0.019104158505797387,"w":0.7976152896881104},"size":11.925186157226563,"orthographic":false}